{"cameraMode":{"drawMode":0,"name":"Shaded","section":"Shading Mode"},"sceneLighting":true,"audioPlay":false,"sceneViewState":{"showFog":true,"showMaterialUpdate":false,"showSkybox":true,"showFlares":true,"showImageEffects":true,"showParticleSystems":true},"in2DMode":false,"pivot":{"x":-8.387451171875,"y":67.54227447509766,"z":26.376718521118165},"rotation":{"x":-0.3989100754261017,"y":0.016504425555467607,"z":-0.007181158289313316,"w":-0.9168133735656738},"size":2.9058613777160646,"orthographic":false}