{"cameraMode":{"drawMode":0,"name":"Shaded","section":"Shading Mode"},"sceneLighting":true,"audioPlay":false,"sceneViewState":{"showFog":true,"showMaterialUpdate":false,"showSkybox":true,"showFlares":true,"showImageEffects":true,"showParticleSystems":true},"in2DMode":false,"pivot":{"x":1.4121168851852418,"y":-0.5661453604698181,"z":0.22452236711978913},"rotation":{"x":0.12335997819900513,"y":0.7992570996284485,"z":-0.17563854157924653,"w":0.5613569021224976},"size":16.42483901977539,"orthographic":false}