{"cameraMode":{"drawMode":0,"name":"Shaded","section":"Shading Mode"},"sceneLighting":true,"audioPlay":false,"sceneViewState":{"showFog":true,"showMaterialUpdate":false,"showSkybox":true,"showFlares":true,"showImageEffects":true,"showParticleSystems":true},"in2DMode":false,"pivot":{"x":1.7884794473648072,"y":10.482925415039063,"z":11.295042037963868},"rotation":{"x":0.013918262906372548,"y":0.8878241181373596,"z":-0.4591846466064453,"w":0.02690993621945381},"size":2.8578836917877199,"orthographic":false}